x_0,y_0,x_1,y_1,x_2,y_2
2.321159900956123,3.2758728467787543,2.248531228222106,5.646592275266537,3.9420779697505655,4.971543054760334
1.392043880914661,3.035562720629751,2.059148911468143,5.674391832814626,3.9195340197711914,3.5655473099352513
1.9017740873409326,2.353910069613206,2.4601855678764277,4.648599505113289,3.8526131606107894,4.109850193937156
1.8251503488823073,3.1138789098821102,3.2036440401021227,5.850032491510478,3.9400629391566806,4.667760598681074
1.7115793360270615,3.1154386412559822,3.443436953707676,6.032406121773436,3.8554475604205436,4.508230384832065
2.0786118981043353,3.8756211291339056,3.191160066487502,5.636239096059058,3.3544101036867415,3.719993843097313
1.2926941580670377,3.0805912559641624,3.1163143330388254,5.410024678461301,3.7411459218419454,3.7265410712484917
2.2580117253053578,3.2125396555297607,3.0863715462587473,5.183835582231015,3.9492558052452886,4.234456432036039
2.4066614386035456,3.0869992321309376,3.128451415184126,6.1658915040869,4.031689960546131,3.9759156496759442
1.761311216804941,2.8833417867159747,3.2021707847449545,5.599447391572312,3.8359030754176313,4.287648733991451
2.6645250696033664,3.155923301716039,2.8378641820023516,4.963165011928492,4.255484479867705,4.617295581585989
1.9971235625158397,2.619226057863426,2.2636635809182275,6.0954319990883095,3.5876574451631926,4.868661247887491
2.0374240445872878,2.6198913632082106,3.8799105184352523,5.809200564127425,3.468807894180283,3.256844814712554
2.450050220234924,2.60430766846661,3.159125420528867,6.253659606136097,3.8292609136273588,3.172828076491194
1.7154064017905948,2.799605646001659,3.708474749272889,5.68601473922739,3.7021195990214544,4.1060278755310415
2.7530610618362212,2.9621103957101558,3.203475350299889,5.026266079893309,4.166477903283825,4.420432249726466
2.1983637254448687,2.893881657304413,4.261288692957043,5.884452254766399,3.973728672973898,4.140131903352108
2.559939614539002,3.080419084808553,3.112763202195788,5.76463039195013,3.954640279111945,4.600692965549829
2.35448480261468,2.6446380237342497,4.042113544145747,5.281189813176167,3.741565522340174,4.46578013741441
2.3944177839909604,2.8722626453170217,2.6168486390342904,6.082233532489149,3.9448290446024283,4.344220864845077
1.9922663428111618,3.0505514287092645,3.2448729886669962,6.009521271679907,4.09278667220392,3.9485982710230005
1.8690312757133858,3.5570838360922856,1.7604578650678055,5.923331969346649,4.017769801911065,4.694429884395972
1.9131900560011819,3.576167372107855,3.593602735864545,5.93611138410762,3.6982592329046886,3.7085710292426297
2.171694285463285,3.7031740448678914,2.1694529640510716,5.767571189997533,3.8995210415088426,4.067401850371775
1.8596448312028744,2.37044902405936,1.9009478112015108,5.218316046869476,4.018408850023864,4.332494019793133
2.6346437672274643,2.344590090292389,4.351467075161999,4.739524213109811,4.066724605213634,3.8015040458353013
1.8222100641613566,2.898878879647812,3.3269215214461223,4.93510874659718,3.7197608649248286,3.818837827292549
2.2346636456671027,2.493162994859431,2.991606585576801,5.568726117056052,4.291649055688452,3.991885759539632
1.3513714654582756,2.9201904331305886,2.894394105951775,5.714810932953877,3.815423341567595,4.489251413930973
1.4535836751719597,2.3509120992067483,3.5271231872586526,5.786913285868566,3.9987624201002085,4.565635156219169
2.3268198780427167,3.0495816074763704,2.9991211889823015,5.57644320612374,3.8981451795761486,4.75399984445436
1.9162806845436817,2.8003933520744155,2.6408741098045376,5.524204599101817,3.9021524646687413,3.9206571998083075
1.9411588624110923,3.4135490493133993,2.2825356756401067,5.688837699470663,3.865665320005369,3.8028689536219304
1.8767839352877518,3.1030602852414466,2.9999295793813627,5.484446455698096,3.9767620471768503,4.031143989101701
2.754692595254894,3.1827928949937365,2.247016216258353,5.769009966010385,3.3764799876953377,3.711900863551234
1.5124996484673154,2.601788109445266,1.933612123987638,5.651413126258859,3.6708522387339118,4.180887601532564
2.81593446892419,3.0293153850701917,3.0277474244303457,5.0367984420889345,3.6565648310906864,4.128032067609493
3.0684278972102708,3.34658031653958,2.71194137171936,5.322815254790027,3.8212897843158973,4.518590165379319
1.9504867023667827,3.7996371482677835,1.9316851010534293,6.11838401778925,3.9873568196184515,4.234686073622139
2.645993094932314,2.924868686423945,2.988824880576745,5.9138267532624305,3.925040995684992,4.5523858742004775
2.203544146460271,3.0785831559900916,2.3264797561991553,5.494191303948092,3.59812079092065,3.8243725020543833
1.8748482208867312,2.828080019928389,2.845519275159126,5.062027591546188,3.4552018535682025,3.9140957124650706
2.4289828885224147,3.0816851820887807,2.6802497575686375,5.646559456325144,3.9560132314843792,4.787657558810367
2.0687712009962946,3.0250536467024687,3.2092570821583437,6.1691660544430595,3.9577876924483784,4.2748363237726785
2.9293856022584692,3.2788554440835074,2.9128924907509357,6.008039519661715,3.4071304668184093,3.8146252725743373
1.9603987921709918,2.609481294536885,2.819538794084586,5.45842848841863,3.3146997532587443,4.533619505910136
2.3422374915564244,3.0880244517768785,3.575714566860095,5.233223478824984,3.9781268845911795,3.829493511251298
2.5820011890045085,3.0394682548842025,2.884670831263118,4.397186938848472,3.7946902388066435,4.2898182685430815
1.7007759538276692,2.595671122253426,4.124487433111936,5.075095417184979,3.4268637114574605,4.099649102958587
2.367556817009339,3.1625050672929755,3.0610648626517145,5.784037015136164,3.700350256999465,4.035107933642952
1.883736238559747,3.2646797470237647,2.7396154477408152,5.374654801537218,3.837280119671036,3.7250585551733852
1.9474428619173532,2.88859363292115,3.3544669627383645,5.193182081003641,3.4566474841415036,3.3721150798708317
2.2321900497308813,2.2473659545785134,2.844749980208964,5.812257839633638,3.9761473587979888,3.5978987339770354
1.7830721257245408,2.879070969699437,2.420103358548289,5.35848007310687,3.8209373879591997,3.5475839255929036
2.003254303390386,2.7441197684192384,3.170885595683065,5.371341152744299,3.7182970984047023,4.4537246140888245
3.3673656478608702,3.0884139629369445,2.0677114005011217,5.773859989922566,3.5335515245893854,4.027769146659561
2.39411479399104,3.294750507282217,2.97375073358419,5.354974891397848,3.9456572403755623,4.962014093481841
1.966175729459828,2.982278078484752,2.0777846251458287,5.744643161643723,4.056821479928493,4.041151093896499
1.455503088420619,2.873604432760998,2.935585974510372,5.957625966089214,3.6718915872074245,4.7869341707086015
1.983923717930238,2.7929944663564914,3.156529941812155,5.7199155474767185,3.7510607663510207,3.9443182864771993
2.3784902442919638,3.432629446011016,3.1656044884321344,5.9578245885394345,4.162810498389675,4.05145924843964
2.0647830252240182,3.293850075411892,1.9935634139109617,4.967110291622914,3.753474179771598,4.343811960524556
1.9611338725718186,3.6554009922944277,3.3773069460175162,5.437803200999073,3.5385116353005843,3.934728075497766
2.201069546383171,2.2881807325717127,3.2917552571679773,5.612584129072808,3.726465022968564,4.25279824309933
2.1204037910142777,2.986717186061418,3.2223195164405567,5.333434985517893,3.987090626721504,4.427738141874901
1.8991794210669364,2.7196886545955192,4.0581118266571,5.1388369796739175,3.6996966245019305,4.332371678483485
2.3714843556562393,3.429426426495511,2.8749817830804414,5.262708195092042,3.796330094874154,3.544590191313597
2.5907189927848115,2.6542448984370184,3.0099348338552128,5.911540810798932,3.4981159434483593,4.383954699659333
1.1282438306512959,3.663877960952725,2.619696131182753,5.7853729129034805,3.718546287161025,4.5732869426789975
1.7539685643865712,3.0728528754437034,3.8543459054980436,5.560397233910003,3.9800307521332976,3.8709873050800168
2.147835764200958,3.0989611655234097,2.5925739341855025,5.739014626508424,3.8930859069146813,3.9920623099652417
1.762385597288304,3.156287355543329,2.538145149386311,5.173982360120522,4.148373934490433,4.275331580079552
2.0123387315777586,3.268204383090101,2.666695185950212,5.928175291664217,3.621424968380716,4.411543113834256
2.393276375486373,3.4486704753983517,2.4382604290899503,5.7991055508372105,3.933865140441114,4.748671092507758
2.788011399741987,3.750269238925555,3.2645856341704866,5.615223921730927,3.566334888335035,4.909686065139368
2.3184759790486034,2.594677634013377,3.4666274756358093,4.932944983629736,3.480062635733034,4.8089165190997525
2.1971388009244954,3.3555043770442956,3.0238204561246262,5.9876600077167055,4.015543354213374,4.02876932695477
2.761115712983798,3.087858961651385,1.7255556526505127,5.8258966811266575,3.404384873093001,3.5838671245067046
2.3387772092359413,2.799451156385167,2.658789418217128,5.33301883178395,3.7252085109715636,4.16627847115288
1.542785805630365,3.0561652649364626,2.833789393965339,4.695228159784826,3.358063400494549,3.804185508551558
2.4812393239716983,3.1737929531603997,3.0736049853083607,4.777663783247616,3.8458181409227445,4.33752242950489
2.1674481697217067,3.5232717093018593,3.140772112900009,5.917224832744954,4.081815691235326,4.304215790574919
1.898324349104782,3.2682925635665563,4.079857331424614,5.3416903969110345,3.792674715552551,4.28347923591377
2.2989437408043707,2.811255106540621,3.352244604527404,5.918272962760872,3.7262697603621437,4.123099109702145
1.9581821242890456,2.9209436392369574,2.70589129216086,5.0429426239232065,3.847710478718066,4.599102590180606
2.9004739629097847,3.1463021299035305,2.238374016844489,5.303981025507088,3.6048502583108584,4.660066708356518
2.3583287621085955,3.0365734276120935,2.8373677513085016,5.350156511009089,3.62691463507421,3.754869826342198
1.7860821357420689,3.08705299877869,4.115722998594697,6.094337622124616,3.6625737601266946,4.433128205383093
1.9729704246218893,3.388536344762358,2.5667998187129806,5.434139206464171,3.8847993010447994,4.734065259838953
2.2277464256227977,3.191259545562604,2.381872330836128,5.984121719833302,3.658649986312076,4.340634659410073
1.9122241996048601,3.2381469189284515,2.076296111588452,5.5670129189469515,3.7931524397664056,4.766532915920003
2.1048404029051637,2.636358677739552,3.717032552817338,4.935311449025703,3.674946887940607,4.626582262122155
2.0505932227621453,2.4910036073365682,3.7846096652252648,5.840519251483153,4.061871646185429,4.0721281223381
2.7849063266297778,2.646183105907504,2.5796095972226585,5.212195855531018,4.014083322408805,4.229633372935452
2.035652984438995,3.1087077928178513,2.3296609150462375,5.311789352218084,3.376772150831118,4.662413403708913
3.035314598346129,2.9961840059978586,3.13933822737248,5.536085753463495,3.914996092677214,3.32856860012151
1.8832766685879034,3.083406832939522,3.050047547882168,6.120889252764905,4.228134634360948,4.122069735796032
2.0100482993730626,2.9158717791712165,2.84142774628802,5.841760210116693,4.0678074452337825,4.457536580253331
2.0543997252774604,2.7330152239821497,4.684152558693747,5.159175972529366,3.900715995653493,4.712429598042449
2.736693020787752,2.2963832281868344,2.070392213364393,5.557874923064775,3.8622612272433052,4.36958938025254
2.534478267313198,2.5446160098066133,4.0948020793201785,5.513180309864436,3.648061520016076,3.868370709416099
0.8373634025093544,2.575673508350814,3.4319879177228167,5.253073516425323,3.812175018628238,4.7695570112670564
2.704123536539617,3.2504249357017136,3.6599255310107157,6.2042539814479705,3.903610244354349,4.3908885512479205
2.3698511797450985,2.917788275933612,1.9078423776615965,5.453082908319306,3.8165612398250057,4.301241866854999
2.746851866384119,2.8002725448084456,3.960078848111992,6.325379364970627,3.7186441600652107,4.392538793793319
2.3140091364492696,2.9324769340162122,3.5174116716991417,5.80117635809714,3.953945008985284,3.903918236632525
1.637139785874786,2.7022138658738486,1.9315196419810643,4.631776061009151,3.5830094191910136,4.580459960865775
2.168754105446284,3.4437233069664455,1.825719671970694,4.5893178741685965,3.731341918603502,4.408194470338999
1.8656786261245073,2.454897980696155,4.232314202869987,5.081230133353285,4.205687241721068,4.437583577507152
3.022289788243649,2.5324270167028073,3.1187535622425853,5.413955744949695,3.9776077700047123,3.867130082494566
2.5175939883502587,3.109330842874791,4.275627791573692,5.863481665516553,3.9288751465251135,3.6991649251794283
1.6518039240363713,3.2993952893939174,2.751604076210762,5.637409688451838,3.9073011722380886,4.423219063491391
2.340615609692796,3.001124839311118,3.2551180900624903,5.2268851587325,3.871179220529459,3.59779836736529
2.87747099979297,3.0436635889530796,3.953364045651658,5.512478686382837,3.657262852101713,4.853534316968373
2.0024781620248078,3.071550888084318,2.6017831607597888,5.319433792300991,3.6451465425649987,3.8357327534837236
1.9501886586161699,2.863347278238704,3.3311616977563703,7.147577634769257,3.951309285680564,4.468623753264529
2.4840354378846676,2.8596329382386974,3.511074398938665,5.3020603842604155,3.7961376254970576,4.073094049078654
2.2834399014224203,3.3381324508312495,4.079575394508742,5.569067335203939,4.140237687050183,3.967229602171357
1.8598475386811006,2.952706582676392,3.21321824042192,6.117744671568299,3.8880657791782762,4.319082808642533
1.7183423027544462,3.3148016829979854,2.4110182102815276,5.912206916715142,4.161339329273725,3.5571512524764874
2.3292647120933125,3.2636470675814064,2.420171473362247,5.835443528210351,3.603214411184242,4.498067469175493
1.965704734076624,2.620449053849194,3.1369780942977155,5.426060372749808,3.8234300318595285,3.8643758474545917
2.119216172515272,3.5028806214928565,3.7802686732563258,4.7121795467864,3.561348059548852,3.85452158977312
2.394385647833977,2.7472113239314124,2.5365650526106642,6.124647852597402,3.6848103266445937,3.5564820627912845
2.4090044303786433,2.7004437865993935,3.894663303534692,6.023095059695262,3.9332928158247316,3.619187716355759
1.9930360288208109,2.6910304982635185,2.0851328650550753,5.76941463045984,3.40191510894289,4.607758442584891
2.0288359745639974,2.836881828872179,3.142615624530835,5.770586487898447,3.8834239827899064,4.337729564318079
1.8516911858943517,3.3339650399082874,3.460854797575918,6.207275281561725,3.7567855618848385,4.562708159427617
2.289262700727437,2.390221545631258,3.6947820477173248,5.233168266853345,4.068879611529333,4.709243774399446
2.1608939210165077,3.365061610432228,3.1356217147683214,5.232339179366776,3.863036147467701,4.0845522890890305
2.1437466661701765,2.7469173950128507,1.9114341098891867,4.955548980418549,3.680647902911381,4.602934091862776
2.3905769496305385,2.614889677143722,2.9548431670555275,6.2646844976580205,3.738081752063757,4.037420132456473
2.7217817003405456,2.982453190000686,3.2978868077857886,5.175697180572214,4.274450104838909,4.003046345865623
2.0996480689109895,2.798894256480699,3.4704725377221983,6.478227196104904,3.640649939086109,4.015893798343113
1.9042250765363438,3.1026393808345305,1.3824814465785897,6.125622918017513,3.5685950004002263,3.5284281089417235
2.5461485797918275,3.47357932481831,3.725467286611143,6.032342460419407,3.6377345552935894,4.297611536834207
2.62020175858235,3.2615560738043454,2.995781496470605,5.457079794623557,3.678707065202828,4.174270034093084
2.4499211584406786,2.9040021066197763,3.5445463480027963,5.570972549753482,3.641494140463457,5.065496317517892
1.9318314866663266,2.976267649984089,4.484791691901348,5.4113235452373285,3.7192044793931123,3.9440691350990944
2.034676724308382,3.226308083328319,3.06140171547014,6.109662769670089,3.8755964117671464,4.666531484324764
2.5649235153898866,2.721795290255953,3.1283837194659805,6.015796620985084,3.6803105209834066,3.924781232072838
2.5834420771111946,2.3174572851170203,2.583193065434681,5.848240734473568,4.0174702438131344,4.14056629814607
2.2865768858713915,2.9608216651904127,2.806667119047164,6.435379916339061,3.514726394104246,4.5097634017308
2.243396653397225,3.074392805133077,2.4824180090310053,4.67163485335517,3.9179618853437645,3.7671539214106513
2.929869727136309,3.154939867798592,3.799466977901678,5.882583068779503,3.541035835860691,3.515986506853003
2.1554202594775487,2.558701516300045,3.1122388195087227,5.605295574860239,3.751275544801692,4.422505719562977
2.3773186073892942,2.608302704112668,3.20927648344588,4.658351712237252,3.592184509654748,4.971114883343265
2.6180842137067923,3.164988763686548,2.772144245485305,6.1691270428416,3.8413293168475917,4.859439951287617
1.5379127577227,2.8427865191851867,3.8650913903813895,5.596770730172063,3.9282387555487586,4.644122709973539
2.03757017959498,3.436823990657911,2.67432450106332,5.524306510405793,3.665364460496873,4.256342999952935
1.2387514042300536,3.1494187932173254,3.999768369036337,5.701591661314557,3.9361757020588715,3.5468021167885517
2.2929675164452457,2.9528623217715597,3.434303185045007,5.689257424292519,3.922623776058164,3.8380034712250697
2.4177424682951547,2.7309387958295495,2.2654417141027543,6.131570330857235,3.941109479382823,5.125138603981088
1.758077198730359,3.019438797185745,3.431659410486953,5.933287179357985,3.9962165659461846,3.4411085313240344
2.2644051277295167,3.4604153402122475,1.9483616225843985,5.364150629714824,3.648903884994451,4.7796533233065075
2.1972044926758056,2.8908948746213854,3.033487152003022,5.7803137558615605,4.041407649058543,4.282372456079172
2.2009318940891127,3.2178022975839697,3.0035649989882245,5.923968279243239,3.7717567087312065,3.7977906012308718
1.9396992700188438,3.928203519116405,2.3635622460477945,5.641163418288177,3.7045870976286106,4.477451878348309
1.9206515342334096,3.78384292246988,3.177465734268855,5.627916964217217,4.067596538494938,4.195984732737052
2.5097711080579272,2.9272762116922197,3.1062182934988543,5.73464405427385,4.247728459429279,4.246077156057001
2.565822849329437,3.5920587272937436,2.9329376655894555,5.584817984446653,3.712806793660093,3.249347077001233
1.81792729707002,2.787190648373137,4.183250781897121,5.8678714590187475,3.9720579526109785,3.8107353744112658
2.0965443712341867,3.342337353040982,3.346920710475478,5.375150598604538,3.9967008778791144,4.538644765955226
1.6019614730200207,3.1569858534451782,3.312495367030846,6.116901593077454,3.450027979358239,4.450093967158988
2.356364610784836,2.6234832670569257,2.4911446967488846,5.853892706435676,3.8931057778510945,4.837292076920531
2.003159598989968,3.396889866608158,2.2938414175487156,5.345223267984974,3.9588779684857425,3.93236134760238
1.7756088717329324,2.719136956309498,3.509624695388128,5.556744842862943,4.055522281678216,4.193441898525356
2.304469602727067,3.428611836897584,2.781202918363547,5.599038747389795,4.119967603014195,4.0962501070506425
2.8474724395474067,2.7902223755785505,2.5155333294189273,5.979371215071566,3.6228565783162217,4.614480904899569
2.374444486218702,2.8083585541029774,2.393699273296089,5.9129909985996045,3.7870386052146023,4.431029158330726
2.6388075601065815,2.1458345498443925,2.5844049093113566,6.2241865096811,3.655327189681491,3.9361750723554736
2.416869699440439,2.93335822257172,2.526522282201398,6.1178009100824475,3.9144977710598017,3.974982126342138
2.0702438511709933,2.7445994870485584,3.2664235742342447,5.317063080604879,4.04232294419215,4.053919484894017
1.5011267754577338,3.2976683945036767,3.3378470020934454,5.471461723579277,3.670807353956388,3.8841694313842376
2.4715351632658953,3.403825776305828,3.2613773185598327,5.946178414940138,3.8594137137243205,4.166060482920373
1.7013081380399369,2.543247220769406,3.858216427517387,6.123368319060421,4.12282686287481,3.9363445574397633
2.3054843508187015,3.2098575453654545,3.1275781258336766,6.014140206696985,3.7216935029756986,3.365390940827339
2.7582296063130873,3.6658896725373813,3.5886160138581076,5.751301959837569,4.360723759565681,4.176603394245834
2.2578631789550694,2.9778497230831737,2.3890366908488363,5.882647657206932,3.7648665075584287,4.6281603473414386
1.3655876348665936,3.4195410948063665,2.7480613248229675,5.235352633911632,4.057182996514699,3.350684322840123
2.132059999059146,2.259809123209927,2.460586386016379,5.498591380550587,3.4111003308659975,3.699244856016969
2.5087493882327103,2.6213970613887776,1.7503497151232512,5.87798397158831,3.610806142991101,4.2961643576299755
2.543992401600818,3.285599981633067,2.6897565150990914,6.16652555108243,3.6998753630876857,4.576991563200068
2.2419297678672403,2.541634219284003,3.7043505775930345,5.930459110887992,3.6690442289273517,3.9135997911338154
1.410783419557046,3.0029416680197634,4.432271393571221,5.915933581671473,4.108478997103056,3.388338759101234
2.109822786763355,2.855422463961244,2.9444914101887627,5.725747257494439,3.6263572784368967,4.055769898875165
2.192406279543287,2.8217795055127257,3.9811970466346613,5.787852850916334,3.7553402195312557,4.71324462252667
2.7717676172239547,3.410865863996755,2.993578574900352,5.936681351285608,3.708369153178444,4.667348145423748
2.131334695412416,2.3204334197030057,2.5848364088449123,5.736605921762268,3.963376162778033,4.458505579146473
1.984684422429065,2.5353993117662297,2.2748309067691177,5.358008574553519,3.937920022691483,4.126901315685142
2.3944661574860575,2.629004340455945,3.839526726675345,4.895610446104664,3.6861930617836145,3.4032068910787223
2.135130015228699,3.0741202499462155,2.967592583438339,6.5373079532063,4.093451874878051,4.622530010815461
2.4939481041700757,2.8850983184288426,2.9256062866555874,5.800252740792223,3.8942308780218746,4.179748475986308
1.9904141720033812,2.859231526284543,2.887199632701423,5.546119526665033,3.6346238756639244,4.2680839478004
2.316045988053105,2.897386365636107,3.3891723912078855,6.079979027325729,3.8420341075996647,4.386070740149935
2.4067115854156715,2.4036833336952874,3.23398517218659,5.455385742943526,3.900381339454162,4.5575744731384065
2.219014793526263,3.1306815701250064,3.155390448836852,5.806266973185409,3.705616667371001,4.286777931554003
2.6276595624716323,3.197260066760214,3.7874744351387957,5.680132884472925,3.628526095192693,3.8262804188018165
1.4964321244315892,3.0923282040990343,3.78521417281467,5.088538312227811,4.096516387416914,4.4700574406750935
2.5236950278098664,2.9233709388889664,3.133916730440219,4.806084082297859,3.6590382936381785,3.9114627469599412
2.9086927148082995,3.692044362115725,3.2801530880373138,5.284975139068172,3.7880872884914303,4.276465175384172
2.458396213690782,3.085076032734945,3.38574070677387,5.378947788450381,4.202338987309835,3.782343281714313
2.3304429176939863,3.316547020711081,1.9198496959878133,5.57553414230296,3.716860514994945,3.512449018432916
2.458218342176226,3.0772725468754354,3.9715173104081183,5.273350116634177,3.687245110609482,4.196139121892018
2.3105426922303245,3.0186961930120497,3.1608504684405814,5.611739203698149,3.667465562618619,3.995253334935981
2.2759770053269386,2.7752255897781772,3.449989069300956,5.550675347836281,4.03550015157311,4.352018347394719
2.00858518535494,3.084400124845682,2.58876759419294,5.491381740648241,3.6543517774386305,4.889572967085512
1.5926428114764177,3.4232050245063688,2.9452634546210494,5.669654831315142,3.7657482633718216,3.7282973707554707
2.628049492865481,2.5973385347574984,2.9503006508093383,5.7759367287382855,3.893256764524351,3.6439649213679184
1.9953157964018484,2.9971625683377576,2.871014485303396,5.85977732904956,3.877172382324174,3.7185602847097607
1.6902191076037463,2.7846385815190193,2.401049303516782,5.547581611191996,3.6377035466059326,4.111232372551883
2.4814113448455863,4.517421181090827,3.349919197374198,5.138040725265429,3.8778411112900564,4.623039700071188
2.664818900261668,2.6255138249852323,2.8706847846797947,5.341233274044243,3.9505136368632874,4.501767796444537
1.8893374569575176,3.638998781538028,1.24286194994799,5.658541233408687,3.788482374766162,4.813862989242868
1.8841905318297683,3.0111514347103996,3.6399879302783282,5.398865413324936,3.5210856552722714,4.1096405391193
2.046403530245601,2.568144804078331,2.65692795732355,5.5571480250542695,3.9039909239423705,4.262202085974877
1.8976410410423943,2.775955214126511,3.655618038848398,4.764461933047144,3.963934453233577,3.9310116281295424
2.1702769044966317,3.001538949284882,3.408225117834227,5.266527215713922,3.8259700241266983,4.465702280571185
2.2783727044811393,3.0414693144247873,1.0997471838717576,5.307408083851323,3.5949617542084713,4.221593080565426
2.2860094620519607,3.0639774612100603,2.821098077277923,5.662313619985259,3.461581395785912,3.8112525592848625
2.1527094377701683,2.38553522351686,1.8929870839882286,6.120393010577668,3.615443600445067,3.9246924325926136
1.6611686321207437,2.6039779372053813,3.642578836796381,5.924030700368986,3.791606109480835,4.198808962752437
2.2037548917459078,3.0878589128808547,3.3627872323188726,5.803952358219502,3.481898592689741,4.0084507523598685
2.3019204266674853,2.7046490059142503,3.0318894665965543,5.12715036613263,3.6524353827605007,4.598652942859832
1.732408122389872,3.021541047653153,1.734296443197495,5.6022021016571335,3.56146469718316,3.7937902141213558
2.148330129926989,3.376295766356039,4.011346531850458,5.593260340224906,4.496723874083521,3.856186221121874
2.5342475264830426,3.405337657491365,2.790792996399559,5.756308598346485,3.483941513856524,4.858501999029098
3.1666474711148593,2.9358307114472546,2.2973544924323783,5.98174189646554,3.969211226022297,3.742098835690693
1.3808064775107576,3.0431817374009373,3.0711250661056173,4.880832565503843,3.577588125053272,4.051978955012023
2.036241484827246,3.2770854251339387,2.688694298583395,5.8660735575852625,3.802702055256079,3.5727332686562874
1.9438563969460365,2.6830350236226876,2.8866893317266586,5.565698389718398,3.832689972545648,4.268095069258857
2.625313882351416,3.270077021398481,3.69542686256169,5.934291045506998,3.938368064508025,4.128938242676373
2.6413097507393664,3.020585429528566,2.3408855588356894,5.683441621661812,3.984883754356289,4.615895039068344
2.499892881458142,3.1445463732436427,3.2532525949543194,5.5927752755964075,3.878559624896298,3.9817941294937884
1.5561812015091658,2.6857870982890666,3.4334694688020155,5.491316079694646,3.7628309182387927,3.6561886550029206
2.2376019047467692,3.369786939934078,2.938608458842177,4.6399376955391824,4.403836031662382,4.299734512952333
2.658938550527293,2.324357368271297,4.096711640732989,6.216285960606078,3.9194989918372722,4.322018383035775
1.8712236873552794,3.3506174443541497,2.3015841062289697,6.177310351432958,4.029356330793027,4.467405028083397
1.6880708168149428,2.8401578739252935,2.6514700538351086,5.378598197922484,3.838668590946591,4.38489696316511
1.7924295316474486,3.227731618070221,2.940535332458727,5.245699638588847,4.054626231601046,3.86706968115523
1.9329481649977278,2.863144843698557,2.4928377272943405,4.766623815939996,3.4464689921927043,4.394228299254205
1.6841803156326123,3.1252598368475537,2.368191931457395,5.377801028055812,3.705206618016819,3.9749730518143664
2.907947656058548,3.141961325006061,3.085546158819538,5.939594782302388,3.8045601461626752,4.359458391096262
1.8304399964487132,3.2515536321667113,2.5191155475945486,6.092257412248863,3.6898072224473677,3.638167942323156
2.830115992397765,3.0128116433993344,2.285691583721541,4.751204194571474,3.734111138722948,4.616205374455406
2.2585393763382235,3.7108691727053764,2.7422586227514687,5.581535404309628,3.74299469897948,4.038629558099644
2.244249201727664,3.0958777867985674,2.5668826909253806,5.803298089137365,3.9919103429422833,4.2125811121149095
2.1908875821377314,2.872620080307821,3.4388121021411555,5.773067095343959,3.6343639251324267,3.766037164301374
1.6923819248489722,3.521949291325058,2.765436181097207,6.055943925676694,3.475581401187969,4.812454066755546
2.145363875709819,2.9307750081208654,2.5600867586265132,5.392183990312111,3.5104323342444883,4.451861734000401
2.605547540031982,3.110816197728043,2.926601937733641,6.597418405456074,3.938756437352701,4.26113612052056
2.3819583112686615,2.770602606856911,2.571455531320141,5.7166148886546635,3.769636811221203,3.9440938074568885
2.18987494477831,2.869523887336765,2.7898441300743424,5.016792333126945,4.342577600106825,4.094387977515349
2.1145672723967994,3.883266372673322,3.1524716871719862,5.5210126272623254,3.993089130414894,5.370081746433259
1.8465264941361477,3.340127705609717,4.4500021871867785,5.7917521551180915,3.8690696010625607,4.0908064785770994
2.2364234006285475,3.0190472487365656,2.845354080555068,4.6854086345058,4.0656859178979206,5.038251993015703
2.377780666126751,3.16482982062637,3.640081198785701,5.922512216111994,4.068727423106807,4.386811535010694
1.4872425495544803,3.094921718780603,3.69545450620293,5.246147315916309,3.597237479148111,4.29941669977497
2.5829135474963985,2.479811492331243,2.835051392331104,5.675096742441949,4.007279788683328,3.681167973896898
1.7831696969972102,2.905245697673131,3.585180161781752,5.559537429936871,3.626942593365377,3.8476984412851882
2.138254138763057,3.3712910146314172,3.0703671584712318,4.997560275277186,3.777999694573691,4.126151838621543
2.6717592526022353,3.7091736449775863,3.294592057154276,5.503667185170087,3.563133672324744,3.819142433498819
1.8529159407057068,2.6809874071360356,2.837883406368741,6.0072843914927025,4.103030743524334,4.515264921145744
1.4969902131735293,3.2069677373076235,3.0331054850491697,5.369253479123321,3.5259761126591416,4.057506773818957
2.388731018306824,2.479242098196903,2.612905601172307,5.95397560699829,3.7230654576931306,3.638035273304734
2.167848730646726,3.005373881285166,2.6780225850566435,5.566936636251551,4.2300694713540485,3.9141779964893813
1.58553320474178,2.600940758425724,3.0753405866034536,5.895832334290465,3.7814711815787474,3.3867550160644866
2.090296526260073,3.3291743332186083,2.47326130801972,6.05350459379963,3.720238471842386,4.4146682588549915
2.2566701497689476,3.155901636676137,3.2996607970063447,5.745021892263458,3.907138317847915,3.994252744151096
2.0155952221004254,3.441380959845815,2.5210199502032475,4.9959173736804665,3.8387039653652417,4.584137904140521
1.6626510105368548,3.484862060543068,3.3555811440334318,4.810738634299479,3.8950837158554044,4.912382197383053
1.8633505710107483,3.326421332216811,3.3173394551600626,5.779615481333185,3.7818858733107916,3.923411849701213
2.672748177609562,3.2530500351972362,3.2149690785777274,5.140363448043151,3.7447465852923316,4.222739676111288
2.739261413071424,3.062655874524579,3.7040179238694115,6.28337280189919,4.00936551415425,4.544173693382552
2.997919877426326,3.17130979155423,2.931150065093437,5.6788691340237945,4.046406018169363,4.592040580386035
1.846672603478061,3.2460493536785,3.3780287413017356,5.418202383097696,3.6729044827418287,4.459480069855903
2.6702228908016052,3.321062690424299,2.1487180911810952,5.917215539029512,3.7202643647398967,4.585120358767719
2.416162610646683,3.0749083814107347,3.474095786569546,5.812934044296657,3.8720592244128613,3.8288566960844705
2.041698918187591,1.9314110657378916,3.9050745913546194,5.315350146030399,3.653999892929642,4.024224546283518
2.721594525895033,2.5628735662099813,4.015352506037529,5.36279937346482,3.6090832450511794,4.382492104151539
2.110030567217415,3.0702025942777307,2.3480653354111847,5.326202568342433,3.9795748950140997,3.877042416597417
1.7389033683485702,2.7684450511049485,3.2536723244337638,5.852958113846973,3.77656918906975,4.653369224553862
2.099434508244273,2.4671335456532226,3.2913595711331425,5.137866596178839,3.901389882414968,3.8053071559758465
2.4579419574332695,2.8542377286912473,3.0033143352309297,5.114195038131888,3.7277916281079495,4.9421535408426145
1.7115560683700377,2.9365076302792366,3.083207052296836,5.688984629707283,3.8554585035072044,4.395539603593748
2.3961215538004916,2.486294666007149,2.8474747730277183,5.4612797753628195,4.176896099243253,3.694879504949273
2.1338041803303387,2.787448395454459,3.1309825182729063,5.304975361859445,3.588751476219853,3.83328290680618
2.8160822002298977,2.8238564621987177,3.434650199356851,5.601986059569011,3.8105392517227847,4.007675723718739
2.4531792237167074,3.2597901406890255,3.129938851931009,6.029639211069832,3.8316768797172704,4.9334351730204835
2.564767133914353,2.469219573988226,2.8287320225002097,5.656394229120544,3.7498313380779598,3.9753178902185025
2.576634076611909,3.092690670427705,3.2935539420610334,6.379296764985197,3.9840614979393276,4.64163388483818
2.3007642791318164,2.2157226270078554,2.4342382503016404,5.755200929616951,3.77512537716664,4.566796869810856
2.018546298649958,3.046651589282568,3.787067411456475,5.379009939076921,3.581336043927014,4.442989924354471
2.3934974291496105,2.5015331372481824,2.1820682018188933,5.326586584351856,3.797219628033634,4.620912485354475
2.2621104254663558,2.6800479788517184,3.46568700577275,5.936910253637399,4.385727009272847,3.7680310657536467
2.2488441066436424,2.93257772771344,2.5520195821172598,5.03969197493893,3.8038167260380984,3.5449377375087865
2.602177938765717,2.600714232067803,2.9234688166807907,5.20388411356703,3.782718268672145,4.352939884761141
2.3407445987816793,2.8979226564434506,3.035315879323024,5.42665786936156,4.024473174604499,4.189149678502009
2.3912736268979304,3.312603789585287,3.1187663335603735,5.7587585699617625,3.543020062636715,3.941509394641934
3.054022633032089,2.3066408837473515,2.464655225561234,5.344641158598164,3.7281709632650135,4.080628315791609
2.3691793161725045,3.5295635024464524,3.132002538170534,6.046172844621261,3.686004345179853,3.3794451166749124
2.430291178563672,2.6690450894398876,3.2219196490887576,5.268818968007654,4.024157715813653,4.058597184615359
2.0422655976496142,2.712746582511527,2.8298453440045623,5.435164381727619,4.077951927333068,4.263217093152818
1.6261471863022698,2.4872357177126845,1.2326134980359538,6.066175881540749,3.942302769735971,3.958318594751994
2.0112261102905458,3.1315367938867626,3.731055959844147,5.858340107861087,3.70836993428526,4.151336552397699
1.8107359165724022,3.1970525417711912,3.134855235607805,5.082672624217285,3.88788534134974,3.638708149466424
2.21403739655382,3.3439275313397125,3.0463423009421975,5.45694488980806,3.5456113317675433,3.9103039630592957
2.5921773868324194,2.8800150112832803,2.8878030255703777,6.742444919183329,3.8583576387484717,4.397893175610323
1.9099559646834674,2.96288172503664,3.7658108429951938,5.638254951289701,3.8529179611451334,4.485356097575167
2.3186964333702176,2.6015863028423034,2.968802255950875,5.873366280705832,3.8803775461189094,4.086315647230783
2.427131969773061,2.4122963334889356,2.6251075745069903,5.252657060883423,3.9867865864838956,4.433372369557788
2.008515351969016,3.6350140080567277,3.2594535279952463,5.332343362826847,3.8917418235946584,4.205100362847295
2.852246980328992,1.9010321371437453,2.354187334386919,6.269829299546314,3.9225849331905835,4.198229890984941
2.606007708652608,2.935631534586114,3.8422367996790854,5.731593754365646,3.572249063804669,3.8449845010924784
1.5142244759445793,3.2451049161277368,3.2788427395116027,5.628721456271895,3.695435055030765,3.4778238572078157
2.5905345539092552,2.939053084684045,3.1397092414212615,6.103159147508982,3.4663353594627724,3.9375911047044965
2.1519845837335483,2.8715486627078524,3.5418846967829425,5.713802583124502,3.6087558554305583,3.8406080763504002
2.389266654939104,2.713206913572436,3.367548589452901,6.555940079502426,3.7336365698014693,4.258436102523101
2.447731524030149,3.3807522779985257,2.5705896301033992,5.292504820326892,3.9931222519899565,4.716632536629828
1.9005851500904016,2.9744838375744944,2.92307285263526,4.819741106153222,4.037083694127671,4.465073208426154
2.8800205085862216,3.3797249709933253,2.9244862936403573,5.98689531559558,3.625675261475701,4.673136726336144
2.270866604350586,2.8840866578104243,2.3351108230879487,6.162161233824701,3.521925632615411,4.373500172569396
2.168903050529302,3.2530533166927778,2.2038688767409167,5.925379854521913,3.9244805094975708,4.661820480595894
2.0324849536907235,3.0781051373715336,2.4954751791291603,5.891094478040961,3.495972421371671,4.111014979604608
2.2265745906848124,3.1343286623420292,3.871990951844752,5.750857096476094,3.8346700437967725,4.647335049831242
2.5891492953951305,2.9421610134783642,3.28948417258558,5.668891745732338,3.7539630802217414,4.120502765857697
1.6202011459580894,3.2981857323405483,3.181584470865699,6.404796043749,3.746263558111589,4.558353036906993
1.8939659269573172,2.969347241600893,3.556582955579409,5.6784153514602735,3.601909781818441,4.816893394220649
2.1366505178221415,2.2438936417065385,3.410135344736249,6.011288087842859,3.7390008386996136,4.337016750080418
1.8258731949247249,3.056241425520086,3.99490714090458,5.086026799339163,3.6457255081477933,3.876124235425093
2.083745000006874,3.2747940990581847,3.6113609757353693,5.336925429396377,3.5845210225343975,4.421851402932207
1.6207418327501397,2.277431451479065,3.3704286612224372,5.72548067113173,3.9063124253618176,4.375144409945665
2.3482699680495127,3.1404430773284675,3.521743734091774,5.342744239027434,3.9970918530601773,3.929147031890874
2.114952861167881,2.7455740345816175,2.6577444326349027,5.552777045701244,3.7525785056128576,4.172238681586323
2.2207020618601487,3.164783339488506,2.4012534928894507,5.654881258015346,3.6299175273757913,4.221989626679685
2.542966942027643,2.962445455700779,2.4524882459362454,5.337028630616277,3.8642783055289733,3.9079113253005286
2.243357690047063,1.9114582477279674,3.7817423206908796,5.420602361079938,4.099635492607274,4.139451563877049
2.4265940795550405,2.9009737539025253,2.9525424469908748,5.600471795882578,3.6324956057466897,3.82472267015784
2.316159191764363,1.8796801242746901,1.921425381451009,5.436597987624278,3.722249628362633,4.667643660921298
2.7891350819481135,2.4578511521276023,3.741804121511061,5.585056997710094,3.813862642906581,4.263855494320489
2.247473792813156,3.6497042155948805,2.18362919410993,4.881979812387669,3.5240165983247076,3.9875627692449114
2.7061901736225598,2.829822777052164,3.425616916513587,5.662100751479405,3.84227614021338,4.159436663232878
2.160638606325012,3.5770067823251077,2.930072758660664,5.7618750438985975,3.86737702199393,4.160269509965936
2.3221067208403556,2.7887481933459095,3.6050151888311035,5.206642440739099,3.9284577692825255,4.216037245087712
2.364693993433017,3.1219677324245425,2.7008436796697457,6.0096149726881425,3.5781190673948444,4.266096384588045
2.0897638478437353,2.968416234661038,1.839221740238589,5.163327802812617,3.511426467153458,4.544462889204391
2.2894920964376584,3.4202633385851575,2.893812364123244,5.693245526449188,3.5850316186871223,3.921147093642911
2.7076867741080015,2.2193690373979447,1.8248972378068729,5.455952342865032,3.792410018446123,4.1912078557361845
1.857670999629074,2.7121536963986252,2.744217127517626,4.786349172850761,3.822262734553714,4.13017632005307
2.450765771270988,2.085626430955598,2.9744445419160255,5.27632967885075,3.361959696548942,4.345935680627777
2.0115551642512517,2.0593305388372283,3.410831401031754,5.827291392465743,4.0734950159941725,4.31773885843766
1.7916547749291745,3.0043820537223707,2.432271605808206,5.975388228483431,4.208603071598767,4.689647152929256
2.338452274576708,3.7511982525603003,2.5128535173611026,5.735846285575093,3.7958246447904678,3.1974066339060876
1.8631350607536115,2.746130013993376,3.9519875300565754,4.797369071251711,3.5984231849525306,3.639521497941192
2.5305464939553417,3.087668435287122,3.515413035853845,5.947420901107368,3.5351387562151095,4.3979924329168565
1.733656403078969,3.006969287576757,3.737021586149641,6.545461290074068,3.9462426421456414,4.449127580459723
2.9535295435031936,2.93823340872645,3.3122574417129895,5.566125675144476,3.7147058900389354,3.9025334077270153
2.5088988495300892,2.5558463205656112,4.305748088889511,5.92800311385857,3.977553291904382,4.2243128483095855
1.445774640025117,3.199829287334537,3.0485017691033014,5.373039106790238,3.6272009085570533,4.517559447196651
1.6375779318358918,2.541884469939671,2.873730482325244,5.4652432486452005,4.136453503436223,3.993196351771998
2.185896355339481,3.1862470572816646,3.6776371049244445,5.635646243142201,3.770384224620841,4.222328520197555
1.9907749390902585,3.460401971523577,2.761621389523169,5.340384221587323,3.721248641211134,4.0260373110816134
2.142338478924101,2.9126804062680027,2.585045830900067,5.837967308332237,3.809091806542293,4.125879164472727
2.9117975554092244,1.9792097119103935,3.70299975938578,5.373023085113456,3.6427591809645676,4.986307281565795
1.7240482143137612,2.9676438855222385,3.3953685779838882,5.816772054652967,4.37551963944823,3.944898984108553
2.0812485405697387,2.5266186553380674,1.972929590069323,6.195783816665891,3.6056625099285546,4.091303317184086
1.8355736021846332,3.1198081970432434,2.3409705173902253,5.198120614206444,3.697560111332512,3.873660529949837
2.323060028172713,2.1792357780963023,3.0573383635001177,6.387443823810945,3.592204781737682,3.4461898654936363
2.5541265872378083,2.8782154226172425,2.4949432749392804,5.141145179076014,3.9406687369933024,4.468616199035461
2.1466789331454934,3.5337051918009896,2.413084450660709,5.386066686372317,3.9360697830889753,4.049675228755268
2.1460058972906753,3.631953356636552,3.476985941788844,5.145044793773559,3.9460893177496046,4.094044916073755
2.4623434256767407,3.3389797401706396,3.8543339935756395,6.035903806153726,3.810966807814351,4.853248615135209
2.278794465372788,2.9201310505077576,2.6650859883254854,6.149141224860617,3.7400883960490043,4.799740877086123
2.6034979846559327,3.047387669283634,3.905156227887616,5.893471820537585,3.813414255459151,4.132181195471409
1.9867671532617508,3.8172490136352035,3.3298996904323004,5.420180190366825,3.564108863883408,4.5831548382696745
1.6905648474763608,2.855365376700661,2.8870342083020653,5.7412312060916255,3.7634779544076076,3.6492541840361508
1.8645446442658709,3.1161861784673293,3.263659907000738,5.637799295058273,4.398248810629365,3.529590698502843
3.1536535259331613,3.075689527628075,3.636335069672276,5.689088660546102,3.7254970223627257,5.039127503268887
2.181436145682232,2.742806080764799,2.5003903334439057,5.916262131132805,3.931727888539742,3.9919477154710457
2.465621066049313,2.8801092803609687,3.1470004256365423,4.929483108531896,4.179470458423411,4.2523253641751735
2.375346147005592,2.825542164148995,3.296215290234302,5.511727937576533,3.948454378744627,3.8653024268826446
1.6907091037237625,2.939861278869426,3.6554034352172478,5.345414187414875,4.122405547263592,4.089044187370465
1.517170548801528,3.2289216783115053,3.4815048610096717,5.836593784538305,3.7370827648327984,4.630710608923365
1.4777392444511692,2.892230685699655,2.6408804940000827,4.950415888557531,3.843787008452937,4.489247603345762
2.0778900215095026,2.7310417872191435,3.3591660439445374,5.50156167635878,4.108638385134258,4.35415019374297
1.8434506032886588,3.1333276730953905,2.832773968067266,6.414225290977652,3.713088782103662,4.930408406640994
2.3584462069909544,3.078243427121208,3.4483856805681405,5.421115562313811,4.058957374322632,4.6209060252874
2.2939525024240592,3.0632077082365226,2.403940714958907,5.546346644301678,4.036565820632696,3.7928904096501643
1.617873059678438,2.6214949516017167,2.59019825731062,5.82800099998192,3.71144193765968,4.230597246374865
3.569778659565653,3.376509155904367,1.8493808320800587,5.916395749915968,3.775318557763842,3.8143297356498778
2.364065054127896,3.246294299660168,2.239391383695158,5.372066572683383,3.4709136682093424,3.8752803292909244
1.4671833671873058,3.305044219809429,3.452603658055526,5.310025064504962,3.540719729820817,4.9001719174460225
2.3997782404225028,2.356554422205139,2.193578307217516,5.074670609629169,3.799787932871275,3.9213564566968175
1.9694372611741355,3.292283271906239,3.1645359573932446,5.932177848831201,3.6854075699805526,4.736363287696754
2.6653026777397,2.6248646720341036,3.313292694195715,5.310386366673929,4.0081066644959,3.85619665800949
1.7111075813053542,2.7781224712432215,3.151202380550182,5.680126737279647,3.9599272669787258,4.266569203479141
2.2384452981000313,3.0594402670622407,3.1681098735016944,5.808544306984604,3.7447052926562328,4.103028018233472
1.5805063360831182,2.219108469357302,2.629399286822036,5.8197347671043005,3.5568520048362973,5.517986446818916
2.531173964115111,3.2972962656673612,2.9334229867606583,5.459253941170521,3.6361198752897717,4.404670680732997
2.1079699147902247,2.9826957556582285,3.322917401417189,5.485275277071463,3.931950264677511,3.4782473602233006
2.37140625870702,2.9103036992301696,2.967564520036019,5.686056232352251,3.6201361102732794,4.456543765284077
2.982243588737489,3.174960934543183,2.0124942535591037,6.076615827470349,3.6602581543658825,4.647163755203436
1.908689366746727,3.2808136576275415,3.7809513945960234,6.195144366845424,3.6582437107422536,4.001091689402603
2.389386126731152,3.7575341832621154,3.476018098878981,5.3716113633970135,3.637455166516276,3.2931169206750384
2.105964275253101,2.6611646134079363,3.0553774206401556,5.838329757988274,3.711256011549913,4.108392715243743
1.7655208577247359,3.515476751309513,2.709682458804317,5.514154624616496,3.5720410298940006,4.427916546741167
2.535187758344692,2.682731710613939,3.1752679237645167,5.279206067181626,4.035971500098013,4.833099888726582
2.704280425030609,3.4037921163415423,1.6342970915193071,5.35927790562867,3.8500469407966187,4.295399651161205
2.005085781372616,2.4808519525946675,3.3909555098602326,5.894033206972818,3.9758076639549733,4.5295011439005615
1.9463814772382257,2.43635660849421,2.747515349618914,5.36154411056439,3.544248117942649,4.6568950525438115
1.6709076303445198,2.974939219066705,3.128297641088456,5.639007459797497,3.445703540742143,3.9237681180236312
1.9907328216064324,2.525408273711167,3.358246350761748,5.688404809253228,3.880710171864517,4.508374565454676
2.988989339173342,2.806149751810514,3.815966583256112,6.001924972773651,3.91116694160204,3.28394984525252
1.7649687411669062,3.0280094069342773,2.6090414251037632,5.765536363891811,3.7668173764991133,4.609692901864096
1.7095259877597306,3.950947884638631,2.8239417611281294,5.198686420480766,3.4575615003232896,3.9448072961542073
2.4876834781711734,2.8923544843931968,1.661815000759895,5.078718681723101,3.7983017050555996,4.390024706668397
1.8822667774465314,2.39084959657467,2.178302830047757,4.995478643364308,3.973659249191446,4.425628940518276
2.602750491190205,3.0631242938938383,2.5360131087138895,5.476032898232502,3.8187371715343885,4.557509696378572
2.4535184406846873,2.1126813484854954,3.339583115890532,5.719815485397022,3.5696004909476877,4.150904440486976
1.797567482415693,3.4719470737662297,2.1734739476425897,5.931105447970606,3.4988124859481715,4.228909561769411
2.2318852105986355,2.9116518521212873,2.89536866105596,5.4707110190822705,3.5133859790290756,3.791342429288459
2.1925777158508946,3.106509312662379,2.584871915773123,5.633208332086458,3.940902286816692,4.009669734806165
1.7239123040988094,2.9274445335085937,3.15692322416026,5.889762047180994,3.650473170802168,4.258897114378666
1.8650931404686395,3.343515597744836,3.6207533754819057,5.5593937207205695,4.02866216709692,4.567578935773277
2.074033326252323,3.114157604374699,2.0249889528387293,5.06162024024485,3.705685555902533,4.069830631024878
1.8848223064396321,2.5198879756408328,2.9417753290558415,5.5767621807044705,3.724460724345048,4.443356568006906
2.011865792066822,2.643379159545547,3.4369166722342013,4.6760200206587825,3.6649643750624423,3.89482944461869
2.2122131142890233,3.5602248676856787,3.1832634267129407,5.697300092344514,3.7336862134201874,4.527555029451644
1.5509365703765243,2.622772015369887,2.6192766232599944,5.791560404419909,4.193485765815138,3.572943232724152
1.4071504566945305,2.907020970353165,3.690884390808106,5.792901306149419,3.842320996140285,3.7241606387756723
1.7993989539473891,3.0409199399393607,2.792404683039992,5.61641322529128,4.28111111294057,3.7942843694969075
2.472290450531556,3.3411708274422223,3.1779953286903617,5.980817350554355,3.8248466325579553,3.7332161513453057
2.2884883005491887,2.91565292922622,2.460843460483142,4.916018429821717,3.5389497650304778,4.099623001245038
1.901217009168979,3.0705001695664995,3.9199207321613323,5.007361377208823,3.8718272345112092,3.861665148439079
2.2389981094577416,2.910103252123941,1.9986697128548192,5.106535522645823,3.6777887179984283,4.046012021689262
2.524332330071726,3.5982289589604757,2.3253515587016005,5.587784727803076,3.6056500362890875,3.924597785941772
2.1525772301046993,2.9644964896452,3.3631550043665777,5.6567091737555915,3.7758089647584905,4.4305921918502404
2.659701807703938,2.850474280014686,4.272205057608666,5.561364851620109,3.9529943971489567,4.739537865453193
1.7806547241842634,3.30222342954176,3.744638792266521,5.265348687978011,3.878147520389219,4.4768573264450895
3.025416528421622,2.9900332871096356,3.4769060121960096,5.5950218759553065,3.5131820020635502,3.9410594098396827
2.228741005661946,2.596268391552899,2.6186145018610483,5.847442819120589,3.660061374649672,4.416368505427061
2.141831156005037,2.6712952491167483,2.5310813570003647,5.903414590502959,3.9475977127096415,3.8813720080147145
1.9937970157104643,3.11257427625397,2.8196603696359355,5.74781151866045,3.7486069351699913,4.504444338486541
2.5888402775560833,4.0346905274472995,3.1447347098275076,6.020925550025753,3.8373223782769905,4.33442470864441
1.8825031365652358,3.149745547668532,2.841964237323485,5.108013306614821,4.0935746226111895,4.31294091433537
0.9700427267619773,2.794127551796173,2.6973462167832225,5.45187506897688,3.7104942626694184,3.476318905843031
1.9377695853962809,2.622573156452102,2.6057110379541792,6.158772961497104,4.1207127788510345,3.7673757243365182
2.0995632213026036,3.437759203173923,3.777142814441115,5.381985534948676,4.085358748034596,4.6645957346501605
2.3217447735683674,2.0565871400303273,3.2225684820417992,5.512055836180547,3.6229187642057976,4.184132844501366
2.6300981465211817,2.441205270396793,3.1090203223258617,5.834919174294725,3.96123198724008,4.046139834151055
2.281798614620413,3.313960108374432,3.0110873197727255,6.159301912089424,3.9262853451441604,4.8367278845324115
2.7125883938350186,2.8890105353246196,3.026470604396821,5.428857856121551,4.364101203944448,4.000527967601767
1.9375281383866987,3.1634878681885845,1.9736971923954838,5.17503628874863,3.8889669208965563,4.882158713487531
2.2028913897010165,3.013656215455165,1.936572899217133,5.786472514734999,3.6313444353063384,4.761165880797675
0.9788850454600548,3.0274863677225134,3.1043845667208028,4.89472507094762,3.846918344681256,5.487809881120997
2.355205071584444,2.5136561471576577,1.337637184952175,5.56676081078243,3.7372936080541406,4.546370594477882
1.8904414082560939,3.2234600565021214,2.599627966424222,5.703738107721991,3.5741627348968437,3.548176914510082
2.616894220148051,3.8708603010731037,3.0718566012199897,5.766677806114796,3.500254246582736,4.082673782895775
2.333674445066481,3.4087239054550307,3.400719356326988,5.497963234857959,4.072166054320314,3.6416533493410466
2.6639189102413985,3.0441283607539726,3.280507059262254,5.657082659590653,3.80155006470938,4.805271603799674
2.0361052334927665,3.3350922305377253,3.6231387934203485,5.937172038471403,3.8376221197778184,3.7535968128961525
2.656226506885111,2.841533993624337,1.800053551085133,5.688336205068969,3.5635398153578315,4.492951425836371
1.6458900235501892,2.9529000759613537,2.23472999143551,5.550822932811531,3.9643111702906575,4.553012282935299
1.7552888506405708,2.8804978053230603,3.6581698616061047,5.787663851735632,4.074461915854155,4.042647811988085
2.2099768459977196,3.0437182595605705,3.4566110175862703,5.460204981997134,3.91289890599688,4.329149635849095
1.7307449958699546,2.567376557341333,2.730452664518051,4.813327778785474,3.8275628434902553,4.404815566588107
2.5045618363314137,3.1102756838071883,2.578763352817007,5.81096253854144,4.172795329457708,4.164850034760402
2.6910471678656163,3.393024708514259,2.7255488118745133,4.651410864600773,3.7432374014874337,4.128185931937616
2.378455074003523,3.171145052718944,2.5092444510963667,5.590552511882429,3.51456750920468,3.997243190241191
1.947877547445965,3.660637346794811,2.804093932662692,5.116371036128642,3.544808521297997,3.917374466141957
1.979711472533502,2.7680763311661867,2.759904874046879,5.672328879154155,3.9390204747603264,4.325748998100544
2.157682716272632,3.0361051991483503,2.9705046588819366,5.7833321273279426,3.6185546520806326,4.608752572441276
2.9054907829086316,3.215512445119534,3.051912011214003,4.756164904373815,3.75361872459137,5.188784610507811
2.63975517395697,2.9147718527104676,3.1198845875779613,5.00826063785382,4.099527879530962,4.646946851756402
1.789915636694697,3.798199171729582,2.208853460667666,5.019314812609589,3.8391341465478117,3.446138533184214
2.628629247209655,2.6476262963296895,2.5540325312665835,5.529511921689612,4.04190034381815,4.628000267157977
2.718245862676737,3.538472872677554,3.53850386282361,6.330142840089959,3.925657159715486,3.9787229829301065
2.242880395788715,3.8296206296527098,3.112454894463065,5.054991400814704,3.5718267348522406,4.1919018702823
2.8914716585480678,3.697060878599354,4.731861396478186,5.951011774813012,4.0048735334681504,5.02312072726
1.8839066301103307,3.014979058340129,3.5673732765238615,5.755548263819542,3.9657190152606177,4.184706665763877
2.1680647182376047,2.4478408685542714,3.027427658141955,5.481911824666101,3.747174623447422,3.963811590248177
1.9509868066177491,2.386565483963885,2.7366758965187485,5.581004111873573,3.7883916392785117,4.722331296594394
2.0731461648164027,3.4494966254772335,3.6756039834919694,5.940110565750811,3.6957785835997057,3.758688792183677
2.6865570644678334,2.6210307661351435,3.043511955063903,6.3100617123074425,3.9680509702533797,3.239651852280701
2.562972064082002,2.9977857211066823,2.651886969667791,5.5789057994613165,3.583225013868264,3.2313135576653487
1.9427087316255913,3.428781122211198,2.879332427045569,6.322453469880864,3.5751264373305767,4.362296030447073
2.115734610630347,3.8650188220769404,1.6812856182127143,5.8779524053047885,3.6401917800368464,4.1888241981833065
1.8482937328359805,3.3508847212690664,3.9224288862310983,6.251228920144018,4.0446111107326645,4.492461348304906
2.055894891657743,3.489862768240274,3.2092122261300857,5.6903021423534215,3.875051343692064,3.9971705069622847
2.3810320408934693,3.2579138319706775,3.2713376766668656,6.0158749282310024,3.8557670202498278,4.507542605787939
1.6475678697248495,3.200258754947111,2.5120990445854123,4.933336568408636,3.8406896899968457,4.375540512933041
2.0283745108283795,2.799910124458879,2.2598711389657793,5.662598046707285,4.047849756213746,3.706640340027109
1.7862922576116307,3.3936829766975833,2.8913658124375043,5.2438720875809235,3.8476057358948093,3.643808634789042
3.1872378525123706,2.6115345220189767,2.042113933021069,5.856821523060119,3.8739884110404494,4.201338732457407
1.606222168905831,3.0002488408276218,3.200958237438469,5.647590835073197,4.120706953122281,3.91979838936912
1.9766273785939188,3.327976147773227,2.4835375018101367,5.825767219095104,3.570057485043724,4.218129121594201
2.122417204468186,3.084464698886145,1.2786117527902516,5.242215896963741,3.64751147789911,4.363321245800271
2.4550466364476256,2.483324166920339,3.156856006645962,5.629297644237882,4.097316571947633,3.9850552698012334
2.0384126758280976,2.618552616117282,3.0558456702590844,5.9535967411538735,3.764912116062987,4.127351910807523
2.3119083861981817,3.1123587574469784,3.044302364953394,6.277836546340324,4.059685448209135,3.970409039296301
2.7791841326601716,2.7473852104994894,2.8406249973847233,5.567359704994321,3.5601089555186474,4.09793662039621
2.8048481541349415,2.989557345686317,2.8489019916266103,6.540835383249076,3.8540239108507395,3.3157480886778026
3.155797805000608,2.895895613894037,2.8355665045579332,6.030165449912185,3.924268071847068,3.727116383893991
1.9863853507095053,2.8663654167971937,2.341825219773685,5.331153196946236,3.464863303068619,4.655894744714322
2.8097663019262287,3.1085539423007704,3.441317457280726,5.944074397409758,3.626522243507424,4.233680308910567
1.3829045453455517,3.1145139072713905,2.505558900952746,5.062750320727256,3.9413170705936227,4.621931613910112
2.0898639388060647,3.613040541229117,4.642470573689103,6.03096856057431,3.6815874791696537,4.878899510900053
2.020775155931204,3.295652002020562,3.4626627562244017,5.871961161492551,3.588224382466588,3.8829290930693077
1.6998441800234685,2.932042819294141,3.4992394727719764,5.233000284545534,3.529333576278872,4.358811541236197
2.1464582250766373,2.9718081561123193,2.398561110727578,5.775461107390265,3.7120871674765823,4.005297455176015
2.088240469161084,2.608312774645619,3.187578604126375,5.381860127699515,3.994638441017235,4.342089852016053
2.1851868072250964,3.089637120427803,1.9345573315848692,4.8901427458562186,4.1534140276227465,4.590963874001342
2.3262050813157926,3.2966733129177124,2.7001595920960386,5.217636131293283,3.972989046834368,3.784437999925971
1.8974402078297032,2.513392136686295,2.5128632172593255,5.65510124669577,3.8042906278096975,4.4136384315581045
1.4344709570681238,3.054595664637481,3.07194067612225,5.5809915403295705,3.7746427588918166,4.18854381112435
2.0632176791936208,2.9424183663485066,3.1801360626280433,5.489601103223024,3.9689222900463776,4.218075370639761
2.085224463133974,2.7423042807561018,2.7611474343446702,5.17836030893642,3.720068163681867,4.303596982545388
1.3581718613829747,3.345912537665545,3.5225481598346553,5.4481483478406245,3.7035512101653043,4.915473910306025
2.2785516963887935,2.293837570623492,3.0821990149954113,5.899077741465337,3.8100188595514073,4.244022876127803
2.2187983093778767,3.315602842052317,3.111440164422141,5.072940516973214,3.8080670433978123,4.2760763200356475
1.9366127731244525,2.3425573203238415,3.4545369050147907,4.875823320136514,3.7498162680746323,4.073938181846399
2.365363283643616,2.8858908530448395,2.5243578366529316,5.018131389940733,3.838041790802807,3.803676909193939
1.5597781468039056,3.2720332885722496,3.4234066459071157,5.616271259637843,3.7201105561989496,4.144223380450676
2.490582923485281,2.654405438307175,3.6980553718098497,5.331746228375671,3.7150189767584885,3.8214430547492304
2.4176957927829172,3.744386261413504,3.890846656529845,5.8329665060109575,3.916432578556032,4.467688258547964
2.5814709998033463,2.899283557558716,2.3195189586870764,5.048305936700442,3.92915963579947,4.230976602866783
2.1101271124399448,3.266919566593822,3.1997315172026304,5.115911941628575,3.4890377728006285,4.250393496035841
2.797629643182912,3.3847466674913136,1.6708087400759735,5.494777230230326,3.9889360412892114,4.264256567738451
1.9491467664117694,2.9360342529516372,1.8137482208043696,5.743906294588094,3.5928619098782706,3.7254455186883657
1.5147407518526619,2.6241936038739895,3.4104781136481077,5.3192318674319505,3.7018250299036186,4.070497050231859
1.989293885022497,2.8181078458521887,1.5583177629528169,5.675703258974671,3.5271796050896578,4.152114198000874
2.270988162074751,3.4639594770329034,3.5030071615646774,5.698442604981122,3.873604182831575,4.2648940717481985
2.408176737805648,3.159003610265397,2.783793452962101,5.260762780132296,3.4250745107162226,4.609839610751555
2.924363072444148,2.8498140246274177,3.1218453985779204,5.647768275480375,3.620951902326911,3.9576358026830265
2.0619249705396294,2.8593977051573605,3.0617311220917323,5.826596941990911,3.748386774271402,3.9858999853871637
2.2518396286326214,3.94970962980086,3.0940439533998214,5.090427621381537,3.745466751468431,4.1847713006330585
2.498757783968016,2.7848587877527566,3.521605198871152,5.097779770234735,3.7719391313547788,4.3285033137216455
1.9255725087002349,2.869381169703016,2.7945735868988897,5.6196796361252535,3.6608115765378413,3.7159573248330107
2.131329423263766,2.6305364667619964,1.7404001122846602,6.389160160692507,3.8316032111000116,5.10394962900162
2.21651854614955,3.0195992626542596,1.6358445253077478,5.808980448073738,3.5298112805385493,4.690831488305799
2.6833496758719027,3.9127005231898666,4.423797345780587,5.9070791366261854,3.858359836487982,4.417573294556654
2.5296137640278284,3.153081671305439,3.1102890060712016,6.257165848087144,3.5851534945397487,3.5191234915782905
1.9637052549248233,3.328579274872265,2.7219286866747288,5.521189272137979,3.8768927263044164,3.8857159043982787
2.1459784367381185,3.0550716486377922,2.861289958704426,5.409158008068766,3.6622171186701102,3.5950655965859117
2.7802112147617186,2.669566103145198,3.9380873359546538,5.74848630822311,3.3552562462271043,4.040447598079055
2.6619528104347556,3.6383735058736635,2.8225790894474425,5.431331246870213,3.5142660679094138,3.914477301741982
2.0988378748081744,3.427157885531818,3.454844823367877,6.432257923530009,3.5520754300837756,4.504036503517936
2.464562231127113,3.0365640099297173,3.268869525406805,4.741572337155504,3.6304651443549467,3.988227589625214
2.7252785299557343,2.986150866744711,3.0019244655326793,5.691543159324556,4.05779027853336,4.445097257479291
1.6039940914583473,3.751577753758778,2.465490604827918,5.2665886381596625,3.7127869194871144,4.669831480363428
